0,1,2,3,4,5,6,7,8,9,10,11,12,13,14,15,16,17,18,19
-2.3399100194579967,-1.5389548276344505,-0.7379996358109042,0.0629555560126418,0.8639107478361883,1.6648659396597347,2.4658211314832803,3.2667763233068268,4.067731515130373,4.86868670695392,4.86868670695392,5.407948573953625,5.947210440953332,6.486472307953038,7.025734174952744,7.564996041952449,8.104257908952157,8.643519775951862,9.182781642951568,9.722043509951273
6.490562715991326,6.6350601971800796,6.779557678368834,6.924055159557587,7.068552640746341,7.213050121935094,7.357547603123848,7.502045084312601,7.646542565501354,7.791040046690108,7.791040046690108,8.404079642293974,9.017119237897838,9.630158833501703,10.243198429105568,10.856238024709434,11.469277620313298,12.082317215917163,12.695356811521027,13.308396407124892
-2.1963116981111477,-1.8983269753142662,-1.6003422525173847,-1.3023575297205032,-1.0043728069236217,-0.7063880841267403,-0.40840336132985877,-0.11041863853297729,0.1875660842639042,0.48555080706078574,0.48555080706078574,1.1411726555045898,1.796794503948394,2.452416352392198,3.108038200836002,3.7636600492798062,4.419281897723611,5.074903746167415,5.730525594611219,6.386147443055023
-5.05946236461792,-4.453859350074761,-3.8482563355316017,-3.2426533209884423,-2.6370503064452833,-2.0314472919021243,-1.4258442773589648,-0.8202412628158058,-0.21463824827264677,0.3909647662705127,0.3909647662705127,0.5621579561231048,0.733351145975697,0.9045443358282892,1.0757375256808812,1.2469307155334735,1.4181239053860657,1.5893170952386577,1.76051028509125,1.9317034749438422
2.8033233875246153,3.1890214405544604,3.5747194935843054,3.960417546614151,4.346115599643996,4.731813652673841,5.117511705703686,5.503209758733531,5.888907811763376,6.274605864793221,6.274605864793221,6.8828931875352835,7.4911805102773465,8.099467833019409,8.707755155761472,9.316042478503533,9.924329801245596,10.53261712398766,11.14090444672972,11.749191769471784
3.221118321467549,3.6214431743585505,4.021768027249552,4.4220928801405535,4.822417733031555,5.222742585922557,5.623067438813558,6.0233922917045595,6.42371714459556,6.824041997486562,6.824041997486562,7.069574803550074,7.315107609613586,7.5606404156770965,7.806173221740608,8.05170602780412,8.297238833867631,8.542771639931143,8.788304445994655,9.033837252058166
-4.96241373086078,-4.055308911773469,-3.1482040926861585,-2.2410992735988478,-1.3339944545115374,-0.4268896354242271,0.48021518366308413,1.3873200027503945,2.294424821837705,3.201529640925015,3.201529640925015,4.327580907172848,5.453632173420681,6.579683439668513,7.705734705916346,8.83178597216418,9.957837238412012,11.083888504659845,12.209939770907678,13.33599103715551
-2.6718344726873933,-2.180725318887602,-1.6896161650878105,-1.1985070112880192,-0.7073978574882278,-0.21628870368843645,0.2748204501113549,0.7659296039111463,1.2570387577109376,1.748147911510729,1.748147911510729,2.3303566294549762,2.912565347399224,3.4947740653434716,4.076982783287718,4.659191501231966,5.241400219176214,5.823608937120461,6.405817655064709,6.988026373008957
0.9028043619188324,1.7296417071076098,2.556479052296387,3.383316397485165,4.210153742673942,5.03699108786272,5.863828433051498,6.690665778240275,7.517503123429052,8.34434046861783,8.34434046861783,8.494639596213702,8.644938723809574,8.795237851405444,8.945536979001316,9.095836106597188,9.24613523419306,9.39643436178893,9.546733489384803,9.697032616980675
11.873728227778937,11.985244943366157,12.096761658953376,12.208278374540594,12.319795090127814,12.431311805715033,12.542828521302253,12.654345236889473,12.76586195247669,12.87737866806391,12.87737866806391,13.863881596445129,14.850384524826348,15.836887453207567,16.823390381588787,17.809893309970004,18.79639623835122,19.78289916673244,20.769402095113662,21.75590502349488
-1.2113294745416017,-0.5649685720434166,0.08139233045476857,0.7277532329529537,1.3741141354511388,2.020475037949324,2.666835940447509,3.313196842945694,3.9595577454438793,4.605918647942064,4.605918647942064,5.320874786483804,6.035830925025545,6.7507870635672855,7.465743202109025,8.180699340650765,8.895655479192506,9.610611617734246,10.325567756275987,11.040523894817726
0.7506140186520049,1.2333674216444706,1.7161208246369362,2.1988742276294015,2.6816276306218674,3.1643810336143328,3.647134436606798,4.129887839599264,4.61264124259173,5.095394645584195,5.095394645584195,6.515501373430093,7.9356081012759905,9.355714829121887,10.775821556967784,12.195928284813682,13.61603501265958,15.036141740505478,16.456248468351376,17.876355196197274
-3.6008627515878837,-2.9371922759300184,-2.273521800272153,-1.6098513246142874,-0.9461808489564221,-0.28251037329855677,0.38116010235930897,1.0448305780171738,1.7085010536750396,2.3721715293329053,2.3721715293329053,2.7667568071951116,3.161342085057318,3.5559273629195247,3.950512640781731,4.345097918643937,4.739683196506144,5.13426847436835,5.528853752230557,5.923439030092763
3.4448950438641965,3.601908588073143,3.758922132282089,3.9159356764910354,4.072949220699981,4.229962764908928,4.386976309117874,4.543989853326821,4.701003397535766,4.8580169417447125,4.8580169417447125,5.660671592161214,6.4633262425777165,7.265980892994218,8.06863554341072,8.871290193827221,9.673944844243724,10.476599494660226,11.279254145076727,12.081908795493229
-0.6613416463279165,-0.39053599874565587,-0.11973035116339525,0.1510752964188653,0.42188094400112597,0.6926865915833866,0.9634922391656471,1.2342978867479077,1.5051035343301684,1.7759091819124289,1.7759091819124289,2.546866032984303,3.317822884056177,4.0887797351280515,4.859736586199926,5.6306934372718,6.401650288343674,7.172607139415549,7.943563990487423,8.714520841559297
2.3416920925769213,2.870780818573956,3.3998695445709908,3.9289582705680255,4.45804699656506,4.987135722562095,5.51622444855913,6.045313174556164,6.574401900553199,7.103490626550234,7.103490626550234,7.605069409086132,8.10664819162203,8.60822697415793,9.109805756693827,9.611384539229725,10.112963321765625,10.614542104301522,11.116120886837422,11.61769966937332
3.4163172856030104,3.6033899013783497,3.7904625171536894,3.9775351329290287,4.164607748704368,4.351680364479708,4.538752980255047,4.725825596030386,4.912898211805725,5.099970827581065,5.099970827581065,7.492744098567835,9.885517369554606,12.278290640541375,14.671063911528144,17.063837182514913,19.456610453501685,21.849383724488455,24.242156995475224,26.634930266461993
-13.031952767465853,-10.999461007724861,-8.966969247983869,-6.934477488242877,-4.901985728501884,-2.8694939687608922,-0.8370022090199001,1.195489550721092,3.2279813104620843,5.260473070203076,5.260473070203076,6.218914531206613,7.177355992210149,8.135797453213684,9.094238914217222,10.052680375220756,11.011121836224293,11.969563297227829,12.928004758231365,13.886446219234902
-4.312977608616068,-3.4532524982929185,-2.593527387969769,-1.7338022776466198,-0.8740771673234704,-0.014352057000321494,0.8453730533228283,1.705098163645978,2.564823273969127,3.4245483842922764,3.4245483842922764,3.6208016131201344,3.817054841947992,4.0133080707758495,4.209561299603708,4.4058145284315655,4.602067757259423,4.7983209860872815,4.994574214915139,5.190827443742997
-6.885962237014929,-6.079358264754663,-5.2727542924943975,-4.4661503202341315,-3.659546347973866,-2.8529423757136003,-2.0463384034533343,-1.2397344311930691,-0.4331304589328031,0.3734735133274632,0.3734735133274632,0.607380893937553,0.8412882745476428,1.0751956551577326,1.3091030357678224,1.5430104163779121,1.776917796988002,2.010825177598092,2.2447325582081814,2.4786399388182714
-0.9038471092064242,-0.3539955260100034,0.1958560571864174,0.7457076403828382,1.295559223579259,1.8454108067756798,2.3952623899721006,2.9451139731685214,3.494965556364942,4.0448171395613635,4.0448171395613635,4.725991338823255,5.407165538085147,6.08833973734704,6.769513936608931,7.4506881358708235,8.131862335132716,8.813036534394607,9.494210733656498,10.17538493291839
-2.6173503859510534,-1.8780315612350376,-1.138712736519022,-0.3993939118030063,0.3399249129130095,1.0792437376290254,1.8185625623450408,2.557881387061057,3.2972002117770725,4.036519036493088,4.036519036493088,4.824855097654839,5.613191158816591,6.401527219978343,7.189863281140093,7.978199342301846,8.766535403463596,9.554871464625348,10.3432075257871,11.131543586948851
-40.90022945072594,-36.30603734678192,-31.711845242837896,-27.11765313889388,-22.523461034949857,-17.929268931005836,-13.335076827061819,-8.740884723117794,-4.146692619173777,0.4474994847702396,0.4474994847702396,1.504796530370012,2.5620935759697843,3.619390621569557,4.676687667169329,5.733984712769101,6.791281758368874,7.848578803968646,8.905875849568417,9.963172895168192
-4.528005925326214,-3.827555478620628,-3.127105031915041,-2.4266545852094543,-1.726204138503868,-1.0257536917982817,-0.3253032450926945,0.37514720161289183,1.0755976483184782,1.7760480950240645,1.7760480950240645,2.8434915284744395,3.910934961924815,4.978378395375191,6.045821828825566,7.113265262275941,8.180708695726317,9.248152129176692,10.315595562627067,11.383038996077442
-8.869569993792819,-7.638991088538081,-6.408412183283343,-5.177833278028606,-3.947254372773868,-2.7166754675191296,-1.4860965622643922,-0.2555176570096549,0.9750612482450833,2.2056401534998225,2.2056401534998225,4.046503264320453,5.887366375141083,7.728229485961713,9.569092596782344,11.409955707602975,13.250818818423603,15.091681929244235,16.932545040064866,18.773408150885494
-4.122881340755865,-3.5867703294952977,-3.0506593182347306,-2.5145483069741634,-1.9784372957135963,-1.4423262844530291,-0.906215273192462,-0.37010426193189483,0.16600674932867232,0.7021177605892399,0.7021177605892399,1.7171795673843397,2.7322413741794396,3.7473031809745394,4.762364987769639,5.777426794564739,6.792488601359839,7.807550408154939,8.822612214950038,9.837674021745137
-10.9286713177855,-9.610782906624703,-8.292894495463905,-6.975006084303109,-5.657117673142311,-4.339229261981513,-3.0213408508207165,-1.7034524396599195,-0.38556402849912175,0.9323243826616757,0.9323243826616757,1.3170668038041558,1.7018092249466357,2.0865516460891156,2.4712940672315957,2.8560364883740754,3.2407789095165556,3.6255213306590353,4.010263751801515,4.3950061729439955
-5.381452234263265,-4.715055882940597,-4.048659531617928,-3.382263180295259,-2.7158668289725907,-2.049470477649922,-1.3830741263272532,-0.7166777750045847,-0.05028142368191624,0.616114927640752,0.616114927640752,4.183724201348837,7.751333475056922,11.318942748765005,14.88655202247309,18.454161296181177,22.02177056988926,25.589379843597342,29.15698911730543,32.724598391013515
-10.879041491894592,-9.509437105091557,-8.139832718288522,-6.770228331485488,-5.4006239446824535,-4.031019557879419,-2.661415171076385,-1.2918107842733502,0.07779360252968459,1.4473979893327198,1.4473979893327198,2.24720075969185,3.047003530050981,3.8468063004101114,4.646609070769243,5.4464118411283735,6.246214611487503,7.046017381846633,7.845820152205764,8.645622922564895
-4.820922387725362,-4.129759825539095,-3.4385972633528263,-2.7474347011665583,-2.0562721389802903,-1.3651095767940222,-0.6739470146077542,0.01721554757851429,0.7083781097647819,1.3995406719510497,1.3995406719510497,2.3324737591023545,3.2654068462536596,4.198339933404965,5.13127302055627,6.064206107707575,6.99713919485888,7.930072282010185,8.86300536916149,9.795938456312795
-11.624304559226715,-10.257212805849285,-8.890121052471855,-7.523029299094423,-6.155937545716993,-4.788845792339563,-3.4217540389621313,-2.054662285584701,-0.6875705322072712,0.6795212211701586,0.6795212211701586,1.4828925727894822,2.286263924408806,3.089635276028129,3.893006627647453,4.696377979266777,5.4997493308861,6.3031206825054245,7.106492034124748,7.909863385744071
-16.709091261945545,-14.828679316902562,-12.948267371859579,-11.067855426816594,-9.187443481773611,-7.307031536730628,-5.426619591687643,-3.5462076466446604,-1.6657957016016773,0.2146162434413046,0.2146162434413046,0.9916243251368935,1.7686324068324824,2.545640488528071,3.3226485702236603,4.099656651919249,4.876664733614838,5.6536728153104265,6.430680897006016,7.207688978701604
-4.757297067555912,-4.039144865935947,-3.3209926643159826,-2.602840462696018,-1.884688261076053,-1.1665360594560878,-0.44838385783612367,0.2697683437838414,0.9879205454038065,1.706072747023771,1.706072747023771,2.632907099218819,3.5597414514138666,4.486575803608915,5.4134101558039625,6.34024450799901,7.267078860194058,8.193913212389106,9.120747564584153,10.047581916779201
-3.566797624948923,-2.625655502434043,-1.684513379919163,-0.743371257404283,0.19777086511059716,1.1389129876254769,2.080055110140357,3.021197232655237,3.9623393551701174,4.9034814776849975,4.9034814776849975,5.947736284119076,6.991991090553154,8.036245896987232,9.080500703421311,10.124755509855389,11.169010316289466,12.213265122723545,13.257519929157624,14.301774735591703
-10.156129822185255,-8.668246304024407,-7.180362785863561,-5.692479267702714,-4.204595749541866,-2.7167122313810186,-1.2288287132201727,0.2590548049406749,1.7469383231015225,3.2348218412623706,3.2348218412623706,3.6372236728514094,4.0396255044404485,4.442027336029487,4.844429167618526,5.246830999207566,5.649232830796604,6.051634662385643,6.454036493974682,6.856438325563721
-2.683138009777442,-2.121860336367978,-1.5605826629585142,-0.9993049895490502,-0.43802731613958645,0.12325035726987732,0.6845280306793415,1.2458057040888053,1.807083377498269,2.368361050907733,2.368361050907733,3.163348640874559,3.9583362308413843,4.753323820808211,5.548311410775036,6.343299000741862,7.138286590708688,7.9332741806755145,8.728261770642339,9.523249360609165
-13.982862626740793,-12.245503899626115,-10.508145172511435,-8.770786445396755,-7.033427718282077,-5.296068991167399,-3.558710264052719,-1.8213515369380389,-0.08399280982336066,1.6533659172913182,1.6533659172913182,2.3735226221929335,3.093679327094549,3.813836031996164,4.53399273689778,5.254149441799395,5.974306146701011,6.694462851602626,7.414619556504242,8.134776261405857
-2.303800492861451,-1.757959200634991,-1.2121179084085305,-0.6662766161820701,-0.12043532395560996,0.4254059682708502,0.9712472604973108,1.517088552723771,2.062929844950231,2.6087711371766913,2.6087711371766913,3.8150827848120814,5.021394432447472,6.2277060800828625,7.434017727718253,8.640329375353643,9.846641022989033,11.052952670624425,12.259264318259813,13.465575965895205
0.9757821134206228,1.865561599218848,2.755341085017073,3.6451205708152976,4.534900056613523,5.424679542411748,6.314459028209972,7.204238514008198,8.094017999806422,8.983797485604647,8.983797485604647,10.021649054726442,11.059500623848237,12.097352192970034,13.135203762091828,14.173055331213623,15.21090690033542,16.248758469457215,17.28661003857901,18.324461607700805
-8.786770716632008,-7.487870376629184,-6.18897003662636,-4.890069696623536,-3.5911693566207123,-2.2922690166178885,-0.9933686766150647,0.30553166338775917,1.604432003390583,2.903332343393407,2.903332343393407,3.2347960432281773,3.5662597430629477,3.8977234428977185,4.2291871427324885,4.560650842567259,4.89211454240203,5.2235782422368,5.55504194207157,5.886505641906341
-15.881497423503575,-13.876478402190598,-11.87145938087762,-9.866440359564642,-7.861421338251665,-5.856402316938688,-3.851383295625709,-1.846364274312732,0.15865474700024507,2.163673768313223,2.163673768313223,2.256041034260631,2.3484083002080385,2.4407755661554464,2.5331428321028544,2.625510098050262,2.71787736399767,2.8102446299450774,2.9026118958924854,2.9949791618398933
2.93514387890756,3.690482073653664,4.445820268399768,5.201158463145872,5.956496657891976,6.71183485263808,7.467173047384184,8.222511242130288,8.977849436876392,9.733187631622496,9.733187631622496,11.0887373123043,12.444286992986104,13.799836673667908,15.155386354349712,16.510936035031516,17.86648571571332,19.222035396395125,20.57758507707693,21.933134757758733
-15.706824997184754,-13.949022809506996,-12.191220621829238,-10.43341843415148,-8.675616246473723,-6.917814058795964,-5.160011871118206,-3.4022096834404483,-1.6444074957626906,0.11339469191506647,0.11339469191506647,1.155883016795203,2.1983713416753394,3.2408596665554756,4.283347991435612,5.3258363163157485,6.368324641195884,7.410812966076021,8.453301290956158,9.495789615836294
-9.795591543233229,-8.632984669489097,-7.470377795744965,-6.307770922000833,-5.145164048256701,-3.9825571745125696,-2.8199503007684372,-1.6573434270243048,-0.4947365532801733,0.6678703204639581,0.6678703204639581,1.9234817713020158,3.1790932221400734,4.434704672978131,5.690316123816189,6.945927574654246,8.201539025492304,9.457150476330362,10.712761927168419,11.968373378006476
-18.893628659608762,-16.546671604798018,-14.19971454998727,-11.852757495176526,-9.50580044036578,-7.158843385555034,-4.81188633074429,-2.4649292759335424,-0.11797222112279826,2.2289848336879445,2.2289848336879445,2.4696944787246,2.710404123761255,2.9511137687979105,3.1918234138345656,3.432533058871221,3.673242703907876,3.9139523489445316,4.154661993981187,4.395371639017842
-1.427275962692537,0.0014357586797297817,1.4301474800519967,2.8588592014242638,4.28757092279653,5.716282644168797,7.144994365541065,8.573706086913331,10.002417808285598,11.431129529657865,11.431129529657865,11.90322351372749,12.375317497797115,12.847411481866741,13.319505465936366,13.791599450005991,14.263693434075616,14.735787418145243,15.207881402214868,15.679975386284493
-11.814851168627193,-10.171835758020752,-8.528820347414309,-6.885804936807867,-5.242789526201425,-3.5997741155949825,-1.956758704988541,-0.3137432943820979,1.3292721162243435,2.972287526830785,2.972287526830785,3.627345891362711,4.282404255894637,4.9374626204265635,5.5925209849584885,6.247579349490415,6.902637714022341,7.557696078554267,8.212754443086194,8.867812807618119
-12.738289723789196,-10.842064214096794,-8.945838704404395,-7.049613194711993,-5.1533876850195925,-3.257162175327192,-1.3609366656347905,0.5352888440576091,2.4315143537500106,4.327739863442412,4.327739863442412,4.651962337047229,4.976184810652047,5.300407284256864,5.6246297578616815,5.948852231466498,6.273074705071315,6.597297178676133,6.92151965228095,7.2457421258857675
-7.589422773395604,-6.560454405575244,-5.531486037754883,-4.502517669934522,-3.4735493021141615,-2.4445809342938007,-1.41561256647344,-0.3866441986530793,0.6423241691672814,1.6712925369876428,1.6712925369876428,2.8586103750335754,4.045928213079508,5.233246051125441,6.420563889171373,7.607881727217306,8.795199565263239,9.98251740330917,11.169835241355104,12.357153079401037
-17.27980820486867,-15.247020822194859,-13.214233439521047,-11.181446056847236,-9.148658674173426,-7.115871291499616,-5.083083908825804,-3.0502965261519925,-1.0175091434781827,1.0152782391956263,1.0152782391956263,1.6155226674061463,2.215767095616666,2.816011523827186,3.416255952037706,4.016500380248226,4.616744808458746,5.216989236669266,5.817233664879786,6.417478093090306
-1.6390300996605376,0.09118531032259991,1.8214007203057374,3.551616130288875,5.281831540272012,7.012046950255151,8.742262360238287,10.472477770221424,12.202693180204562,13.9329085901877,13.9329085901877,14.295113267549874,14.657317944912046,15.01952262227422,15.381727299636394,15.743931976998566,16.10613665436074,16.46834133172291,16.830546009085086,17.19275068644726
-18.331001299767596,-16.204051442857097,-14.077101585946599,-11.9501517290361,-9.823201872125601,-7.6962520152151015,-5.569302158304604,-3.4423523013941058,-1.315402444483606,0.8115474124268951,0.8115474124268951,1.4462050420707553,2.0808626717146157,2.7155203013584757,3.350177931002336,3.9848355606461965,4.619493190290057,5.254150819933917,5.888808449577778,6.523466079221638
-2.7216371724487773,-2.0450690325676923,-1.3685008926866076,-0.6919327528055228,-0.015364612924437804,0.6612035269566472,1.3377716668377317,2.0143398067188167,2.6909079465999017,3.3674760864809867,3.3674760864809867,5.574603564068491,7.781731041655997,9.9888585192435,12.195985996831006,14.403113474418511,16.610240952006016,18.81736842959352,21.024495907181027,23.231623384768533
-13.783960015956191,-12.086916812688088,-10.389873609419983,-8.692830406151877,-6.995787202883774,-5.298743999615668,-3.601700796347565,-1.9046575930794614,-0.20761438981135605,1.4894288134567495,1.4894288134567495,2.400785775509728,3.3121427375627066,4.223499699615685,5.134856661668664,6.046213623721642,6.95757058577462,7.8689275478275995,8.780284509880579,9.691641471933556
-8.680392740282095,-7.4777581953769845,-6.275123650471874,-5.072489105566763,-3.8698545606616532,-2.667220015756543,-1.464585470851432,-0.26195092594632285,0.9406836189587882,2.1433181638638996,2.1433181638638996,3.1693334185544604,4.195348673245022,5.221363927935583,6.247379182626144,7.273394437316705,8.299409692007265,9.325424946697826,10.351440201388387,11.377455456078948
-19.22349477354119,-17.073134941578555,-14.92277510961592,-12.772415277653282,-10.622055445690647,-8.471695613728011,-6.321335781765374,-4.170975949802738,-2.0206161178401025,0.12974371412253202,0.12974371412253202,0.8454713325767456,1.561198951030959,2.276926569485173,2.992654187939386,3.7083818063935996,4.424109424847813,5.139837043302027,5.85556466175624,6.571292280210454
1.207031585101554,1.5949922621082366,1.9829529391149192,2.3709136161216016,2.758874293128284,3.1468349701349667,3.534795647141649,3.922756324148332,4.310717001155014,4.698677678161697,4.698677678161697,6.674675302286435,8.650672926411174,10.626670550535913,12.60266817466065,14.578665798785387,16.554663422910128,18.530661047034865,20.506658671159602,22.482656295284343
-5.52282479549085,-4.720566971082638,-3.9183091466744253,-3.116051322266213,-2.3137934978580006,-1.5115356734497887,-0.7092778490415759,0.09297997536663694,0.8952377997748489,1.6974956241830619,1.6974956241830619,3.8816729150140006,6.0658502058449395,8.250027496675878,10.434204787506818,12.618382078337756,14.802559369168696,16.986736659999636,19.170913950830574,21.355091241661512
-5.737089273773976,-4.225117761883386,-2.7131462499927945,-1.2011747381022042,0.310796773788387,1.8227682856789782,3.3347397975695676,4.846711309460159,6.35868282135075,7.870654333241341,7.870654333241341,10.04573155771791,12.220808782194478,14.395886006671045,16.570963231147612,18.74604045562418,20.92111768010075,23.096194904577317,25.271272129053884,27.44634935353045
-9.57589192624517,-8.48606595554182,-7.39623998483847,-6.306414014135121,-5.216588043431771,-4.126762072728421,-3.036936102025072,-1.9471101313217218,-0.8572841606183719,0.23254181008497832,0.23254181008497832,2.152937183339881,4.073332556594784,5.993727929849687,7.9141233031045894,9.834518676359492,11.754914049614396,13.675309422869297,15.5957047961242,17.516100169379104
-20.043996209345764,-17.806626177857886,-15.569256146370009,-13.33188611488213,-11.094516083394252,-8.857146051906374,-6.619776020418495,-4.382405988930618,-2.1450359574427402,0.09233407404513894,0.09233407404513894,0.4344100303840884,0.7764859867230378,1.1185619430619873,1.4606378994009366,1.8027138557398863,2.1447898120788356,2.4868657684177853,2.8289417247567346,3.171017681095684
1.1144024526463063,2.6102130814730735,4.106023710299841,5.601834339126608,7.097644967953375,8.593455596780142,10.08926622560691,11.585076854433677,13.080887483260444,14.576698112087211,14.576698112087211,15.392857183963145,16.209016255839078,17.025175327715008,17.84133439959094,18.657493471466875,19.47365254334281,20.28981161521874,21.105970687094672,21.922129758970605
-11.206429770912091,-9.873304165417814,-8.540178559923536,-7.207052954429257,-5.87392734893498,-4.540801743440702,-3.2076761379464234,-1.8745505324521456,-0.5414249269578679,0.7917006785364102,0.7917006785364102,1.584080385885739,2.3764600932350675,3.1688398005843963,3.961219507933725,4.753599215283054,5.545978922632383,6.338358629981711,7.1307383373310405,7.923118044680368
-11.864025194404546,-10.430386787784373,-8.996748381164203,-7.56310997454403,-6.129471567923859,-4.695833161303687,-3.262194754683515,-1.8285563480633442,-0.3949179414431718,1.0387204651770001,1.0387204651770001,2.138127398119683,3.2375343310623657,4.336941264005048,5.436348196947732,6.535755129890415,7.635162062833096,8.73456899577578,9.833975928718463,10.933382861661146
-24.758531573866758,-21.83718982850861,-18.91584808315046,-15.994506337792313,-13.073164592434164,-10.151822847076016,-7.230481101717867,-4.309139356359719,-1.3877976110015702,1.5335441343565797,1.5335441343565797,2.3434001692198856,3.153256204083192,3.963112238946498,4.772968273809804,5.582824308673111,6.392680343536416,7.2025363783997225,8.012392413263028,8.822248448126334
-8.81371997865786,-7.3373195708008465,-5.8609191629438335,-4.38451875508682,-2.9081183472298067,-1.4317179393727937,0.044682468484220195,1.5210828763412323,2.997483284198246,4.47388369205526,4.47388369205526,5.353848403022909,6.233813113990559,7.113777824958209,7.993742535925858,8.873707246893508,9.753671957861158,10.633636668828807,11.513601379796455,12.393566090764105
-11.607028351878936,-10.259297181274995,-8.911566010671054,-7.563834840067114,-6.216103669463172,-4.868372498859231,-3.520641328255291,-2.1729101576513496,-0.8251789870474084,0.5225521835565332,0.5225521835565332,2.1223622857329354,3.7221723879093376,5.321982490085739,6.9217925922621415,8.521602694438544,10.121412796614946,11.721222898791348,13.32103300096775,14.920843103144152
7.9333868772349945,8.93292726973679,9.932467662238587,10.93200805474038,11.931548447242177,12.931088839743973,13.930629232245767,14.930169624747563,15.92971001724936,16.929250409751155,16.929250409751155,18.108295363675822,19.28734031760049,20.46638527152516,21.645430225449825,22.82447517937449,24.003520133299162,25.18256508722383,26.361610041148495,27.54065499507316
-11.323652586818993,-9.964931177168092,-8.606209767517193,-7.247488357866292,-5.888766948215391,-4.53004553856449,-3.171324128913591,-1.8126027192626903,-0.4538813096117895,0.9048401000391112,0.9048401000391112,2.715626125454934,4.526412150870756,6.337198176286579,8.147984201702402,9.958770227118224,11.769556252534047,13.58034227794987,15.391128303365692,17.201914328781513
6.385987516405917,6.651500227832722,6.917012939259527,7.182525650686331,7.448038362113135,7.71355107353994,7.979063784966744,8.244576496393549,8.510089207820354,8.775601919247158,8.775601919247158,11.544485857832914,14.31336979641867,17.08225373500442,19.85113767359018,22.620021612175933,25.388905550761688,28.157789489347444,30.9266734279332,33.695557366518955
-4.916772390707745,-4.29144965082398,-3.6661269109402137,-3.0408041710564477,-2.415481431172682,-1.7901586912889167,-1.1648359514051507,-0.5395132115213848,0.08580952836238076,0.7111322682461467,0.7111322682461467,2.7417417213644386,4.772351174482731,6.802960627601022,8.833570080719314,10.864179533837605,12.894788986955898,14.92539844007419,16.95600789319248,18.986617346310773
-22.711974195901185,-20.10718009935749,-17.502386002813793,-14.897591906270096,-12.2927978097264,-9.688003713182704,-7.083209616639007,-4.478415520095311,-1.873621423551615,0.7311726729920824,0.7311726729920824,0.8544861198808518,0.9777995667696211,1.1011130136583902,1.2244264605471598,1.3477399074359289,1.4710533543246982,1.5943668012134675,1.7176802481022369,1.8409936949910062
-9.811821594649702,-7.78742233412931,-5.763023073608918,-3.738623813088525,-1.7142245525681332,0.31017470795225854,2.334573968472652,4.358973228993044,6.383372489513436,8.40777175003383,8.40777175003383,10.138391713659294,11.869011677284757,13.599631640910221,15.330251604535686,17.060871568161147,18.791491531786612,20.522111495412076,22.25273145903754,23.983351422663006
-7.538629149662586,-6.198216341237233,-4.8578035328118805,-3.5173907243865274,-2.1769779159611744,-0.8365651075358214,0.5038477008895308,1.8442605093148847,3.184673317740237,4.525086126165589,4.525086126165589,6.41584681029371,8.30660749442183,10.19736817854995,12.088128862678072,13.978889546806194,15.869650230934312,17.760410915062433,19.651171599190555,21.541932283318676
2.294303626345693,2.9286154025915847,3.5629271788374766,4.197238955083369,4.83155073132926,5.465862507575153,6.100174283821045,6.734486060066937,7.368797836312829,8.00310961255872,8.00310961255872,10.004833228662374,12.006556844766028,14.008280460869683,16.01000407697334,18.011727693076992,20.013451309180645,22.0151749252843,24.016898541387953,26.018622157491606
-10.210225175967253,-8.948917008271698,-7.687608840576145,-6.42630067288059,-5.164992505185036,-3.903684337489482,-2.642376169793927,-1.3810680020983739,-0.11975983440281901,1.1415483332927359,1.1415483332927359,3.243140814857499,5.3447332964222625,7.446325777987026,9.547918259551789,11.649510741116552,13.751103222681316,15.852695704246079,17.954288185810842,20.055880667375604
-25.16040655142033,-22.183446266274387,-19.206485981128445,-16.229525695982506,-13.252565410836564,-10.275605125690621,-7.298644840544682,-4.32168455539874,-1.3447242702527973,1.6322360148931436,1.6322360148931436,3.095339146460465,4.558442278027786,6.021545409595108,7.484648541162429,8.94775167272975,10.410854804297072,11.873957935864393,13.337061067431714,14.800164198999035
-15.982023404354981,-14.142468896437881,-12.302914388520781,-10.463359880603681,-8.623805372686581,-6.784250864769481,-4.944696356852381,-3.105141848935281,-1.2655873410181808,0.5739671668989191,0.5739671668989191,2.0215159229501407,3.4690646790013626,4.916613435052584,6.364162191103806,7.811710947155028,9.259259703206249,10.706808459257472,12.154357215308693,13.601905971359914
-17.805801213093087,-15.085574709471782,-12.365348205850479,-9.645121702229176,-6.924895198607871,-4.204668694986566,-1.4844421913652646,1.2357843122560404,3.9560108158773453,6.676237319498651,6.676237319498651,7.023934075558358,7.371630831618066,7.719327587677773,8.06702434373748,8.414721099797188,8.762417855856896,9.110114611916602,9.457811367976309,9.805508124036017
-9.364456792523594,-8.296404866824927,-7.228352941126261,-6.160301015427593,-5.092249089728926,-4.02419716403026,-2.956145238331592,-1.8880933126329253,-0.8200413869342587,0.24801053876440832,0.24801053876440832,2.598922856736954,4.949835174709499,7.300747492682044,9.65165981065459,12.002572128627135,14.35348444659968,16.704396764572227,19.05530908254477,21.406221400517317
-5.542445555059626,-2.6867682798090704,0.16890899544148485,3.0245862706920406,5.880263545942595,8.73594082119315,11.591618096443707,14.44729537169426,17.302972646944816,20.158649922195373,20.158649922195373,21.436121565891483,22.713593209587597,23.991064853283707,25.268536496979817,26.54600814067593,27.82347978437204,29.10095142806815,30.37842307176426,31.655894715460374
-8.069856558525236,-6.914570662167441,-5.759284765809646,-4.603998869451851,-3.4487129730940556,-2.2934270767362603,-1.1381411803784651,0.017144715979329206,1.1724306123371253,2.327716508694922,2.327716508694922,5.134070146118658,7.9404237835423945,10.746777420966131,13.553131058389868,16.359484695813606,19.165838333237343,21.97219197066108,24.778545608084816,27.584899245508552
-26.813117201927046,-23.801324587247954,-20.789531972568867,-17.77773935788978,-14.765946743210687,-11.754154128531598,-8.742361513852508,-5.7305688991734165,-2.7187762844943286,0.29301633018476175,0.29301633018476175,0.9918057122152637,1.6905950942457657,2.389384476276268,3.08817385830677,3.786963240337272,4.485752622367774,5.184542004398276,5.883331386428778,6.58212076845928
2.2269800023884976,2.8539110459667203,3.4808420895449435,4.107773133123167,4.734704176701389,5.361635220279612,5.988566263857836,6.615497307436058,7.242428351014281,7.869359394592504,7.869359394592504,11.19887084035715,14.528382286121797,17.857893731886442,21.187405177651087,24.516916623415735,27.84642806918038,31.17593951494503,34.50545096070967,37.83496240647432
-23.019970998079025,-20.00300077709743,-16.986030556115832,-13.969060335134238,-10.952090114152641,-7.935119893171045,-4.91814967218945,-1.9011794512078524,1.1157907697737421,4.132760990755338,4.132760990755338,4.812975218080646,5.493189445405953,6.17340367273126,6.853617900056568,7.533832127381874,8.214046354707182,8.894260582032489,9.574474809357795,10.254689036683104
4.822922221743453,5.322091743239519,5.821261264735585,6.32043078623165,6.8196003077277165,7.318769829223783,7.817939350719849,8.317108872215915,8.81627839371198,9.315447915208047,9.315447915208047,12.56053375558988,15.805619595971713,19.050705436353546,22.29579127673538,25.540877117117212,28.785962957499045,32.03104879788088,35.27613463826271,38.521220478644544
-3.2958993590906616,-2.6811185974289975,-2.066337835767333,-1.4515570741056687,-0.8367763124440044,-0.22199555078234035,0.39278521087932416,1.0075659725409887,1.6223467342026527,2.237127495864317,2.237127495864317,4.796905701899718,7.3566839079351185,9.91646211397052,12.476240320005921,15.036018526041321,17.59579673207672,20.155574938112125,22.715353144147524,25.275131350182924
-19.919082513309437,-17.277437385483886,-14.63579225765833,-11.994147129832777,-9.352502002007224,-6.710856874181671,-4.0692117463561175,-1.427566618530566,1.214078509294989,3.855723637120545,3.855723637120545,5.070161020067781,6.284598403015018,7.499035785962254,8.71347316890949,9.927910551856726,11.142347934803961,12.356785317751196,13.571222700698435,14.78566008364567
-7.950093358140791,-5.569176309553443,-3.1882592609660954,-0.8073422123787477,1.5735748362086,3.9544918847959476,6.335408933383295,8.716325981970641,11.09724303055799,13.478160079145336,13.478160079145336,14.519490756823439,15.56082143450154,16.602152112179642,17.643482789857742,18.684813467535847,19.726144145213947,20.767474822892048,21.808805500570152,22.850136178248253
-24.07844696935271,-20.6872022151859,-17.295957461019082,-13.904712706852267,-10.513467952685453,-7.12222319851864,-3.7309784443518232,-0.33973369018500676,3.051511063981806,6.442755818148621,6.442755818148621,7.01938864883202,7.59602147951542,8.17265431019882,8.749287140882219,9.325919971565618,9.902552802249017,10.479185632932417,11.055818463615816,11.632451294299216
-1.5333188273808216,-1.1182212677509566,-0.7031237081210915,-0.2880261484912263,0.12707141113863862,0.5421689707685036,0.957266530398369,1.372364090028234,1.7874616496580988,2.202559209287964,2.202559209287964,6.850425970795113,11.498292732302263,16.146159493809414,20.79402625531656,25.441893016823713,30.08975977833086,34.73762653983801,39.38549330134516,44.0333600628523
-27.59366793530439,-24.47390697102773,-21.35414600675107,-18.234385042474408,-15.11462407819775,-11.99486311392109,-8.87510214964443,-5.755341185367769,-2.635580221091111,0.4841807431855505,0.4841807431855505,1.1414871703984668,1.7987935976113831,2.4561000248242992,3.113406452037216,3.770712879250132,4.428019306463049,5.085325733675965,5.742632160888881,6.399938588101797
-23.17187746386855,-19.59718660037721,-16.02249573688587,-12.447804873394528,-8.873114009903187,-5.298423146411846,-1.7237322829205048,1.8509585805708362,5.425649444062177,9.000340307553518,9.000340307553518,10.12904618011427,11.257752052675023,12.386457925235774,13.515163797796529,14.64386967035728,15.772575542918032,16.901281415478785,18.029987288039536,19.15869316060029
-16.452350241152832,-14.005246751656026,-11.55814326215922,-9.111039772662414,-6.663936283165608,-4.216832793668802,-1.769729304171996,0.6773741853248119,3.124477674821616,5.571581164318419,5.571581164318419,6.87148121059157,8.17138125686472,9.471281303137872,10.771181349411023,12.071081395684173,13.370981441957323,14.670881488230474,15.970781534503626,17.270681580776778
-18.443890823299334,-16.10023424837718,-13.756577673455027,-11.412921098532873,-9.06926452361072,-6.725607948688566,-4.381951373766412,-2.038294798844259,0.30536177607789483,2.64901835100005,2.64901835100005,4.781619756256255,6.914221161512462,9.046822566768666,11.179423972024873,13.31202537728108,15.444626782537284,17.577228187793487,19.709829593049694,21.8424309983059
-7.494639767722087,-6.213755183825528,-4.93287059992897,-3.651986016032411,-2.371101432135852,-1.0902168482392929,0.19066773565726525,1.4715523195538251,2.7524369034503833,4.033321487346941,4.033321487346941,6.574875898942061,9.116430310537181,11.657984722132301,14.19953913372742,16.741093545322542,19.28264795691766,21.824202368512783,24.3657567801079,26.90731119170302
-11.117426241606745,-9.799389526637363,-8.481352811667982,-7.163316096698599,-5.845279381729217,-4.527242666759834,-3.2092059517904525,-1.8911692368210709,-0.5731325218516883,0.744904193117695,0.744904193117695,3.029326995570668,5.3137497980236414,7.598172600476615,9.882595402929587,12.16701820538256,14.451441007835534,16.735863810288507,19.02028661274148,21.304709415194452
-13.632288276660887,-11.865178257313923,-10.098068237966961,-8.330958218619998,-6.563848199273035,-4.796738179926072,-3.029628160579108,-1.262518141232146,0.5045918781148178,2.2717018974617824,2.2717018974617824,4.948808030366383,7.625914163270982,10.303020296175582,12.980126429080183,15.657232561984781,18.334338694889382,21.01144482779398,23.68855096069858,26.365657093603183
-29.271699356807932,-25.96111948212775,-22.65053960744757,-19.33995973276739,-16.029379858087207,-12.718799983407028,-9.408220108726844,-6.097640234046661,-2.7870603593664818,0.5235195153136974,0.5235195153136974,1.4814358329289212,2.4393521505441447,3.397268468159368,4.3551847857745924,5.313101103389816,6.271017421005039,7.228933738620263,8.186850056235487,9.144766373850711
-14.865683238910494,-13.17244423844451,-11.479205237978528,-9.785966237512543,-8.09272723704656,-6.399488236580577,-4.706249236114594,-3.0130102356486113,-1.3197712351826283,0.37346776528335435,0.37346776528335435,2.8756933714464243,5.377918977609495,7.880144583772565,10.382370189935635,12.884595796098704,15.386821402261775,17.889047008424846,20.391272614587916,22.893498220750985
-26.413964855417525,-23.4770035712854,-20.540042287153277,-17.603081003021153,-14.66611971888903,-11.729158434756906,-8.792197150624784,-5.855235866492659,-2.918274582360535,0.01868670177158891,0.01868670177158891,1.4095084009539185,2.8003301001362484,4.191151799318578,5.581973498500908,6.972795197683237,8.363616896865567,9.754438596047898,11.145260295230226,12.536081994412555
-26.623604820667026,-23.632047811316692,-20.640490801966358,-17.64893379261602,-14.657376783265686,-11.665819773915352,-8.674262764565015,-5.6827057552146805,-2.6911487458643464,0.3004082634859869,0.3004082634859869,1.4437756347860318,2.5871430060860767,3.7305103773861217,4.873877748686167,6.017245119986211,7.1606124912862565,8.303979862586303,9.447347233886347,10.590714605186392
-15.526498244774867,-12.272160721432424,-9.01782319808998,-5.763485674747535,-2.5091481514050926,0.7451893719373501,3.9995268952797964,7.253864418622239,10.508201941964682,13.762539465307125,13.762539465307125,15.92901646362787,18.095493461948614,20.26197046026936,22.428447458590107,24.59492445691085,26.761401455231596,28.92787845355234,31.094355451873085,33.26083245019383
-29.099766917172293,-25.622568767976308,-22.145370618780323,-18.66817246958434,-15.190974320388355,-11.713776171192372,-8.236578021996387,-4.759379872800402,-1.2821817236044168,2.195016425591567,2.195016425591567,2.793364931295075,3.3917134369985824,3.9900619427020896,4.588410448405597,5.186758954109105,5.785107459812612,6.38345596551612,6.981804471219627,7.580152976923134
-22.852349897071107,-20.283983171366895,-17.715616445662683,-15.147249719958474,-12.578882994254261,-10.010516268550049,-7.442149542845838,-4.8737828171416275,-2.305416091437415,0.2629506342667967,0.2629506342667967,2.0769629506701737,3.890975267073551,5.704987583476927,7.5189998998803045,9.333012216283683,11.147024532687059,12.961036849090437,14.775049165493813,16.58906148189719
-12.24215921670887,-10.217539049386904,-8.192918882064937,-6.168298714742969,-4.143678547421002,-2.1190583800990357,-0.09443821277706732,1.9301819545448993,3.954802121866866,5.979422289188833,5.979422289188833,8.625981970170459,11.272541651152086,13.91910133213371,16.565661013115335,19.21222069409696,21.858780375078588,24.505340056060213,27.151899737041838,29.798459418023462
-10.96819607868119,-8.847945530731046,-6.727694982780902,-4.607444434830757,-2.487193886880613,-0.3669433389304686,1.7533072090196757,3.87355775696982,5.993808304919964,8.11405885287011,8.11405885287011,10.128432571695077,12.142806290520046,14.157180009345012,16.17155372816998,18.185927446994945,20.200301165819916,22.21467488464488,24.22904860346985,26.243422322294812
9.714404192075488,10.935592668270889,12.156781144466288,13.377969620661688,14.599158096857089,15.82034657305249,17.04153504924789,18.26272352544329,19.48391200163869,20.70510047783409,20.70510047783409,24.055465754720665,27.405831031607235,30.75619630849381,34.10656158538038,37.456926862266954,40.80729213915353,44.1576574160401,47.50802269292667,50.85838796981325
-27.19069284301876,-23.890227560748084,-20.58976227847741,-17.289296996206733,-13.988831713936058,-10.688366431665383,-7.3879011493947075,-4.087435867124032,-0.786970584853357,2.513494697417319,2.513494697417319,3.4222076148888294,4.33092053236034,5.23963344983185,6.148346367303361,7.057059284774871,7.965772202246382,8.874485119717892,9.783198037189402,10.691910954660912
